{
  "application": {
    "version": "dev",
    "env": "dev",
    "defaultPortal": "default",
    "feedbackApp": "",
    "analytics": {
      "gtmPropertyId": "",
      "localIdentifier": {
        "enabled": false,
        "propertyId": ""
      }
    },
    "ciMode": false,
    "cmrTagNamespace": "edsc.extra.serverless",
    "thumbnailSize": {
      "height": 85,
      "width": 85
    },
    "orderStatusRefreshTime": 60000,
    "eosdisTagKey": "gov.nasa.eosdis",
    "defaultCmrPageSize": 20,
    "maxCmrPageSize": 2000,
    "defaultCmrSearchTags": [
      "edsc.*",
      "org.ceos.wgiss.cwic.granules.prod"
    ],
    "defaultMaxOrderSize": 1000000,
    "defaultGranulesPerOrder": 2000,
    "defaultSpatialDecimalSize": 5,
    "ummGranuleVersion": "1.5",
    "ummServiceVersion": "1.2",
    "temporalDateFormatFull": "YYYY-MM-DD HH:mm:ss",
    "temporalDateFormatRange": "MM-DD HH:mm:ss",
    "minimumTemporalDateString": "1960-01-01 00:00:00",
    "defaultResponseHeaders": {
      "Access-Control-Allow-Origin": "*",
      "Access-Control-Allow-Headers": "*",
      "Access-Control-Allow-Credentials": true
    },
    "clientId": {
      "background": "eed-PORTAL-ENV-serverless-background",
      "client": "eed-PORTAL-ENV-serverless-client",
      "lambda": "eed-PORTAL-ENV-serverless-lambda"
    }
  },
  "environment": {
    "test": {
      "apiHost": "http://localhost:3000",
      "edscHost": "http://localhost:8080",
      "includeNtPageTag": false,
      "jwtToken": "eyJhbGciOiJIUzI1NiIsInR5cCI6IkpXVCJ9.eyJpZCI6MSwidXNlcm5hbWUiOiJ0ZXN0dXNlciIsImlhdCI6MTU3ODQzMzQ3Nn0.f867w-UMt4je4Ey86soRPP1KPcBxofPGmqyTljzcgWU"
    },
    "development": {
      "dbHost": "127.0.0.1",
      "dbName": "edsc_dev",
      "dbPort": 5432,
      "apiHost": "http://localhost:3001",
      "edscHost": "http://localhost:8080",
      "includeNtPageTag": false
    },
    "production": {
      "apiHost": "http://localhost:3001",
      "edscHost": "http://localhost:8080",
      "includeNtPageTag": true
    }
  },
  "earthdata": {
    "dev": {},
    "test": {
      "cmrHost": "https://cmr.earthdata.nasa.gov",
      "echoRestRoot": "https://cmr.earthdata.nasa.gov/legacy-services/rest",
      "edlHost": "https://urs.earthdata.nasa.gov",
      "graphQlHost": "https://graphql.earthdata.nasa.gov",
      "regionHost": "https://fts.podaac.uat.earthdata.nasa.gov/",
      "opensearchRoot": "https://cmr.earthdata.nasa.gov/opensearch",
      "redirectUriPath": "/urs_callback"
    },
    "sit": {
      "cmrHost": "https://cmr.sit.earthdata.nasa.gov",
      "echoRestRoot": "https://cmr.sit.earthdata.nasa.gov/legacy-services/rest",
      "edlHost": "https://sit.urs.earthdata.nasa.gov",
      "graphQlHost": "https://graphql.sit.earthdata.nasa.gov",
      "regionHost": "https://fts.podaac.uat.earthdata.nasa.gov/",
      "opensearchRoot": "https://cmr.sit.earthdata.nasa.gov/opensearch",
      "redirectUriPath": "/urs_callback"
    },
    "uat": {
      "cmrHost": "https://cmr.uat.earthdata.nasa.gov",
      "echoRestRoot": "https://cmr.uat.earthdata.nasa.gov/legacy-services/rest",
      "edlHost": "https://uat.urs.earthdata.nasa.gov",
      "graphQlHost": "https://graphql.uat.earthdata.nasa.gov",
      "regionHost": "https://fts.podaac.uat.earthdata.nasa.gov/",
      "opensearchRoot": "https://cmr.uat.earthdata.nasa.gov/opensearch",
      "redirectUriPath": "/urs_callback"
    },
    "prod": {
      "cmrHost": "https://cmr.earthdata.nasa.gov",
      "echoRestRoot": "https://cmr.earthdata.nasa.gov/legacy-services/rest",
      "edlHost": "https://urs.earthdata.nasa.gov",
      "graphQlHost": "https://graphql.earthdata.nasa.gov",
      "regionHost": "https://fts.podaac.uat.earthdata.nasa.gov/",
      "opensearchRoot": "https://cmr.earthdata.nasa.gov/opensearch",
      "redirectUriPath": "/urs_callback"
    }
  }
}
