{
  "body":{"accessMethods":{"download":{"isValid":true,"type":"download"},"echoOrder0":{"updated_at":"2020-01-16T16:00:46.124Z","id":"S1571420629-LAADS","type":"ECHO ORDERS","url":"http://modx.nascom.nasa.gov:8011","option_definition":{"id":"E1F140CA-CC29-B7AD-5AA0-D7E26463BCF1","name":"FtpPushPull"},"form":"<form xmlns=\"http://echo.nasa.gov/v9/echoforms\" xmlns:xs=\"http://www.w3.org/2001/XMLSchema\" targetNamespace=\"http://ecsodl.nasa.gov/orderoptions\">\n  <model>\n    <instance>\n      <prov:packageOption xmlns:prov=\"http://ecsodl.nasa.gov/orderoptions\">\n        <!-- Distribution Specification-->\n        <prov:dist>\n          <prov:value>FtpPull</prov:value>\n        </prov:dist>\n\n        <prov:distributionSpecification name=\"FtpPull\">\n          <prov:odl name=\"PROCESSING_OPTIONS\"/>\n        </prov:distributionSpecification>\n        \n        <prov:distributionSpecification name=\"FtpPush\">\n          <prov:odl name=\"HOST_ADDRESS\"/>\n          <prov:odl name=\"USERNAME\"/>\n          <prov:odl name=\"PASSWORD\"/>\n          <prov:odl name=\"FTP_PATH\"> </prov:odl>          \n          <prov:odl name=\"PROCESSING_OPTIONS\">Native Granule</prov:odl>\n        </prov:distributionSpecification>        \n      </prov:packageOption>\n    </instance>\n  </model>\n  <ui>\n\n    <select label=\"Distribution Options\" multiple=\"false\" open=\"false\" ref=\"prov:dist\" required=\"true()\" type=\"xs:string\" valueElementName=\"value\">\n      <item label=\"FtpPull\" value=\"FtpPull\"/>\n      <item label=\"FtpPush\" value=\"FtpPush\"/>\n    </select>\n\n    <group xmlns:prov=\"http://ecsodl.nasa.gov/orderoptions\" label=\"Ftp Pull Information\" ref=\"prov:distributionSpecification[@name = 'FtpPull']\" relevant=\"//prov:dist[prov:value='FtpPull']\">\n      <output label=\"Processing Options:\" ref=\"prov:odl[@name='PROCESSING_OPTIONS']\" type=\"xs:string\"/>\n    </group>\n\n    <group xmlns:prov=\"http://ecsodl.nasa.gov/orderoptions\" label=\"Ftp Push Information\" ref=\"prov:distributionSpecification[@name = 'FtpPush']\" relevant=\"//prov:dist[prov:value='FtpPush']\">\n      <input label=\"Host Address:\" ref=\"prov:odl[@name='HOST_ADDRESS']\" required=\"true()\" type=\"xs:string\"/>\n      <input label=\"Username:\" ref=\"prov:odl[@name='USERNAME']\" required=\"true()\" type=\"xs:string\"/>\n      <secret label=\"Password:\" ref=\"prov:odl[@name='PASSWORD']\" required=\"true()\" type=\"xs:string\"/>\n      <input label=\"FTP Path:\" ref=\"prov:odl[@name='FTP_PATH']\" type=\"xs:string\"/>\n    </group>\n    \n  </ui>\n</form>","form_digest":"6c104fad2490642bb6585789b9ce064cc9575839"}},"selectedAccessMethod":"download"}
}