{
  "body": {"feed":{"updated":"2020-01-16T19:43:43.400Z","id":"https://cmr.earthdata.nasa.gov:443/search/granules.json?bounding_box=-77.15071678161621%2C38.78817179999825%2C-76.89801406860352%2C38.99784152603538&cloud_cover=&echo_collection_id=C1443528505-LAADS&page_num=1&page_size=20&temporal=2020-01-06T04%3A15%3A27.310Z%2C2020-01-13T07%3A32%3A50.962Z","title":"ECHO granule metadata","entry":[{"producer_granule_id":"MYD04_3K.A2020006.1720.061.2020008170450.hdf","time_start":"2020-01-06T17:20:00.000Z","updated":"2020-01-08T17:08:34.142Z","dataset_id":"MODIS/Aqua Aerosol 5-Min L2 Swath 3km","data_center":"LAADS","title":"LAADS:5142846550","coordinate_system":"GEODETIC","day_night_flag":"DAY","time_end":"2020-01-06T17:25:00.000Z","id":"G1680986594-LAADS","original_format":"ECHO10","granule_size":"13.1168661117554","browse_flag":false,"polygons":[["43.078919 -50.651243 38.865145 -78.123395 21.580319 -70.820146 24.830542 -48.113122 43.078919 -50.651243"]],"collection_concept_id":"C1443528505-LAADS","online_access_flag":true,"links":[{"rel":"http://esipfed.org/ns/fedsearch/1.1/data#","type":"application/x-hdfeos","hreflang":"en-US","href":"https://ladsweb.modaps.eosdis.nasa.gov/archive/allData/61/MYD04_3K/2020/006/MYD04_3K.A2020006.1720.061.2020008170450.hdf"},{"inherited":true,"rel":"http://esipfed.org/ns/fedsearch/1.1/metadata#","hreflang":"en-US","href":"https://doi.org/10.5067/MODIS/MYD04_3K.061"},{"inherited":true,"rel":"http://esipfed.org/ns/fedsearch/1.1/documentation#","hreflang":"en-US","href":"https://modis-atmos.gsfc.nasa.gov/sites/default/files/ModAtmo/modis_deep_blue_c61_changes2.pdf"},{"inherited":true,"rel":"http://esipfed.org/ns/fedsearch/1.1/documentation#","hreflang":"en-US","href":"https://modis-atmos.gsfc.nasa.gov/sites/default/files/ModAtmo/C061_Aerosol_Dark_Target_v2.pdf"},{"inherited":true,"rel":"http://esipfed.org/ns/fedsearch/1.1/documentation#","hreflang":"en-US","href":"https://modis-atmos.gsfc.nasa.gov/sites/default/files/ModAtmo/ATBD_MOD04_C005_rev2_0.pdf"},{"inherited":true,"length":"0.0KB","rel":"http://esipfed.org/ns/fedsearch/1.1/data#","hreflang":"en-US","href":"https://ladsweb.modaps.eosdis.nasa.gov/search/order/2/MYD04_3K--61"},{"inherited":true,"length":"0.0KB","rel":"http://esipfed.org/ns/fedsearch/1.1/data#","hreflang":"en-US","href":"https://ladsweb.modaps.eosdis.nasa.gov/archive/allData/61/MYD04_3K/"},{"inherited":true,"rel":"http://esipfed.org/ns/fedsearch/1.1/metadata#","type":"text/html","hreflang":"en-US","href":"https://ladsweb.modaps.eosdis.nasa.gov/opendap/allData/61/MYD04_3K/contents.html"}]},{"producer_granule_id":"MYD04_3K.A2020006.1900.061.2020008170003.hdf","time_start":"2020-01-06T19:00:00.000Z","updated":"2020-01-08T17:07:07.599Z","dataset_id":"MODIS/Aqua Aerosol 5-Min L2 Swath 3km","data_center":"LAADS","title":"LAADS:5142846420","coordinate_system":"GEODETIC","day_night_flag":"DAY","time_end":"2020-01-06T19:05:00.000Z","id":"G1680986540-LAADS","original_format":"ECHO10","granule_size":"11.7916631698608","browse_flag":false,"polygons":[["47.107759 -75.751265 42.604868 -105.015628 25.486059 -96.864323 28.839031 -73.376707 47.107759 -75.751265"]],"collection_concept_id":"C1443528505-LAADS","online_access_flag":true,"links":[{"rel":"http://esipfed.org/ns/fedsearch/1.1/data#","type":"application/x-hdfeos","hreflang":"en-US","href":"https://ladsweb.modaps.eosdis.nasa.gov/archive/allData/61/MYD04_3K/2020/006/MYD04_3K.A2020006.1900.061.2020008170003.hdf"},{"inherited":true,"rel":"http://esipfed.org/ns/fedsearch/1.1/metadata#","hreflang":"en-US","href":"https://doi.org/10.5067/MODIS/MYD04_3K.061"},{"inherited":true,"rel":"http://esipfed.org/ns/fedsearch/1.1/documentation#","hreflang":"en-US","href":"https://modis-atmos.gsfc.nasa.gov/sites/default/files/ModAtmo/modis_deep_blue_c61_changes2.pdf"},{"inherited":true,"rel":"http://esipfed.org/ns/fedsearch/1.1/documentation#","hreflang":"en-US","href":"https://modis-atmos.gsfc.nasa.gov/sites/default/files/ModAtmo/C061_Aerosol_Dark_Target_v2.pdf"},{"inherited":true,"rel":"http://esipfed.org/ns/fedsearch/1.1/documentation#","hreflang":"en-US","href":"https://modis-atmos.gsfc.nasa.gov/sites/default/files/ModAtmo/ATBD_MOD04_C005_rev2_0.pdf"},{"inherited":true,"length":"0.0KB","rel":"http://esipfed.org/ns/fedsearch/1.1/data#","hreflang":"en-US","href":"https://ladsweb.modaps.eosdis.nasa.gov/search/order/2/MYD04_3K--61"},{"inherited":true,"length":"0.0KB","rel":"http://esipfed.org/ns/fedsearch/1.1/data#","hreflang":"en-US","href":"https://ladsweb.modaps.eosdis.nasa.gov/archive/allData/61/MYD04_3K/"},{"inherited":true,"rel":"http://esipfed.org/ns/fedsearch/1.1/metadata#","type":"text/html","hreflang":"en-US","href":"https://ladsweb.modaps.eosdis.nasa.gov/opendap/allData/61/MYD04_3K/contents.html"}]},{"producer_granule_id":"MYD04_3K.A2020007.1805.061.2020008182434.hdf","time_start":"2020-01-07T18:05:00.000Z","updated":"2020-01-08T18:27:51.114Z","dataset_id":"MODIS/Aqua Aerosol 5-Min L2 Swath 3km","data_center":"LAADS","title":"LAADS:5142913081","coordinate_system":"GEODETIC","day_night_flag":"DAY","time_end":"2020-01-07T18:10:00.000Z","id":"G1681001359-LAADS","original_format":"ECHO10","granule_size":"9.24842834472656","browse_flag":false,"polygons":[["49.414649 -62.029436 44.718442 -92.495055 27.709344 -83.777281 31.134822 -59.759586 49.414649 -62.029436"]],"collection_concept_id":"C1443528505-LAADS","online_access_flag":true,"links":[{"rel":"http://esipfed.org/ns/fedsearch/1.1/data#","type":"application/x-hdfeos","hreflang":"en-US","href":"https://ladsweb.modaps.eosdis.nasa.gov/archive/allData/61/MYD04_3K/2020/007/MYD04_3K.A2020007.1805.061.2020008182434.hdf"},{"inherited":true,"rel":"http://esipfed.org/ns/fedsearch/1.1/metadata#","hreflang":"en-US","href":"https://doi.org/10.5067/MODIS/MYD04_3K.061"},{"inherited":true,"rel":"http://esipfed.org/ns/fedsearch/1.1/documentation#","hreflang":"en-US","href":"https://modis-atmos.gsfc.nasa.gov/sites/default/files/ModAtmo/modis_deep_blue_c61_changes2.pdf"},{"inherited":true,"rel":"http://esipfed.org/ns/fedsearch/1.1/documentation#","hreflang":"en-US","href":"https://modis-atmos.gsfc.nasa.gov/sites/default/files/ModAtmo/C061_Aerosol_Dark_Target_v2.pdf"},{"inherited":true,"rel":"http://esipfed.org/ns/fedsearch/1.1/documentation#","hreflang":"en-US","href":"https://modis-atmos.gsfc.nasa.gov/sites/default/files/ModAtmo/ATBD_MOD04_C005_rev2_0.pdf"},{"inherited":true,"length":"0.0KB","rel":"http://esipfed.org/ns/fedsearch/1.1/data#","hreflang":"en-US","href":"https://ladsweb.modaps.eosdis.nasa.gov/search/order/2/MYD04_3K--61"},{"inherited":true,"length":"0.0KB","rel":"http://esipfed.org/ns/fedsearch/1.1/data#","hreflang":"en-US","href":"https://ladsweb.modaps.eosdis.nasa.gov/archive/allData/61/MYD04_3K/"},{"inherited":true,"rel":"http://esipfed.org/ns/fedsearch/1.1/metadata#","type":"text/html","hreflang":"en-US","href":"https://ladsweb.modaps.eosdis.nasa.gov/opendap/allData/61/MYD04_3K/contents.html"}]},{"producer_granule_id":"MYD04_3K.A2020008.1850.061.2020010183913.hdf","time_start":"2020-01-08T18:50:00.000Z","updated":"2020-01-10T18:43:18.413Z","dataset_id":"MODIS/Aqua Aerosol 5-Min L2 Swath 3km","data_center":"LAADS","title":"LAADS:5144203609","coordinate_system":"GEODETIC","day_night_flag":"DAY","time_end":"2020-01-08T18:55:00.000Z","id":"G1681435968-LAADS","original_format":"ECHO10","granule_size":"5.74076747894287","browse_flag":false,"polygons":[["55.641104 -73.216903 50.318325 -107.658023 33.682302 -97.040357 37.339184 -71.295248 55.641104 -73.216903"]],"collection_concept_id":"C1443528505-LAADS","online_access_flag":true,"links":[{"rel":"http://esipfed.org/ns/fedsearch/1.1/data#","type":"application/x-hdfeos","hreflang":"en-US","href":"https://ladsweb.modaps.eosdis.nasa.gov/archive/allData/61/MYD04_3K/2020/008/MYD04_3K.A2020008.1850.061.2020010183913.hdf"},{"inherited":true,"rel":"http://esipfed.org/ns/fedsearch/1.1/metadata#","hreflang":"en-US","href":"https://doi.org/10.5067/MODIS/MYD04_3K.061"},{"inherited":true,"rel":"http://esipfed.org/ns/fedsearch/1.1/documentation#","hreflang":"en-US","href":"https://modis-atmos.gsfc.nasa.gov/sites/default/files/ModAtmo/modis_deep_blue_c61_changes2.pdf"},{"inherited":true,"rel":"http://esipfed.org/ns/fedsearch/1.1/documentation#","hreflang":"en-US","href":"https://modis-atmos.gsfc.nasa.gov/sites/default/files/ModAtmo/C061_Aerosol_Dark_Target_v2.pdf"},{"inherited":true,"rel":"http://esipfed.org/ns/fedsearch/1.1/documentation#","hreflang":"en-US","href":"https://modis-atmos.gsfc.nasa.gov/sites/default/files/ModAtmo/ATBD_MOD04_C005_rev2_0.pdf"},{"inherited":true,"length":"0.0KB","rel":"http://esipfed.org/ns/fedsearch/1.1/data#","hreflang":"en-US","href":"https://ladsweb.modaps.eosdis.nasa.gov/search/order/2/MYD04_3K--61"},{"inherited":true,"length":"0.0KB","rel":"http://esipfed.org/ns/fedsearch/1.1/data#","hreflang":"en-US","href":"https://ladsweb.modaps.eosdis.nasa.gov/archive/allData/61/MYD04_3K/"},{"inherited":true,"rel":"http://esipfed.org/ns/fedsearch/1.1/metadata#","type":"text/html","hreflang":"en-US","href":"https://ladsweb.modaps.eosdis.nasa.gov/opendap/allData/61/MYD04_3K/contents.html"}]},{"producer_granule_id":"MYD04_3K.A2020009.1755.061.2020010200250.hdf","time_start":"2020-01-09T17:55:00.000Z","updated":"2020-01-10T20:05:04.656Z","dataset_id":"MODIS/Aqua Aerosol 5-Min L2 Swath 3km","data_center":"LAADS","title":"LAADS:5144262224","coordinate_system":"GEODETIC","day_night_flag":"DAY","time_end":"2020-01-09T18:00:00.000Z","id":"G1681446862-LAADS","original_format":"ECHO10","granule_size":"5.97826862335205","browse_flag":false,"polygons":[["57.815141 -59.369933 52.223786 -95.540398 35.750738 -84.094438 39.507712 -57.607128 57.815141 -59.369933"]],"collection_concept_id":"C1443528505-LAADS","online_access_flag":true,"links":[{"rel":"http://esipfed.org/ns/fedsearch/1.1/data#","type":"application/x-hdfeos","hreflang":"en-US","href":"https://ladsweb.modaps.eosdis.nasa.gov/archive/allData/61/MYD04_3K/2020/009/MYD04_3K.A2020009.1755.061.2020010200250.hdf"},{"inherited":true,"rel":"http://esipfed.org/ns/fedsearch/1.1/metadata#","hreflang":"en-US","href":"https://doi.org/10.5067/MODIS/MYD04_3K.061"},{"inherited":true,"rel":"http://esipfed.org/ns/fedsearch/1.1/documentation#","hreflang":"en-US","href":"https://modis-atmos.gsfc.nasa.gov/sites/default/files/ModAtmo/modis_deep_blue_c61_changes2.pdf"},{"inherited":true,"rel":"http://esipfed.org/ns/fedsearch/1.1/documentation#","hreflang":"en-US","href":"https://modis-atmos.gsfc.nasa.gov/sites/default/files/ModAtmo/C061_Aerosol_Dark_Target_v2.pdf"},{"inherited":true,"rel":"http://esipfed.org/ns/fedsearch/1.1/documentation#","hreflang":"en-US","href":"https://modis-atmos.gsfc.nasa.gov/sites/default/files/ModAtmo/ATBD_MOD04_C005_rev2_0.pdf"},{"inherited":true,"length":"0.0KB","rel":"http://esipfed.org/ns/fedsearch/1.1/data#","hreflang":"en-US","href":"https://ladsweb.modaps.eosdis.nasa.gov/search/order/2/MYD04_3K--61"},{"inherited":true,"length":"0.0KB","rel":"http://esipfed.org/ns/fedsearch/1.1/data#","hreflang":"en-US","href":"https://ladsweb.modaps.eosdis.nasa.gov/archive/allData/61/MYD04_3K/"},{"inherited":true,"rel":"http://esipfed.org/ns/fedsearch/1.1/metadata#","type":"text/html","hreflang":"en-US","href":"https://ladsweb.modaps.eosdis.nasa.gov/opendap/allData/61/MYD04_3K/contents.html"}]},{"producer_granule_id":"MYD04_3K.A2020010.1835.061.2020011153413.hdf","time_start":"2020-01-10T18:35:00.000Z","updated":"2020-01-11T15:37:19.180Z","dataset_id":"MODIS/Aqua Aerosol 5-Min L2 Swath 3km","data_center":"LAADS","title":"LAADS:5144705252","coordinate_system":"GEODETIC","day_night_flag":"DAY","time_end":"2020-01-10T18:40:00.000Z","id":"G1681591187-LAADS","original_format":"ECHO10","granule_size":"6.23429584503174","browse_flag":false,"polygons":[["46.104558 -69.49716 41.677648 -98.267845 24.512644 -90.342133 27.838604 -67.075824 46.104558 -69.49716"]],"collection_concept_id":"C1443528505-LAADS","online_access_flag":true,"links":[{"rel":"http://esipfed.org/ns/fedsearch/1.1/data#","type":"application/x-hdfeos","hreflang":"en-US","href":"https://ladsweb.modaps.eosdis.nasa.gov/archive/allData/61/MYD04_3K/2020/010/MYD04_3K.A2020010.1835.061.2020011153413.hdf"},{"inherited":true,"rel":"http://esipfed.org/ns/fedsearch/1.1/metadata#","hreflang":"en-US","href":"https://doi.org/10.5067/MODIS/MYD04_3K.061"},{"inherited":true,"rel":"http://esipfed.org/ns/fedsearch/1.1/documentation#","hreflang":"en-US","href":"https://modis-atmos.gsfc.nasa.gov/sites/default/files/ModAtmo/modis_deep_blue_c61_changes2.pdf"},{"inherited":true,"rel":"http://esipfed.org/ns/fedsearch/1.1/documentation#","hreflang":"en-US","href":"https://modis-atmos.gsfc.nasa.gov/sites/default/files/ModAtmo/C061_Aerosol_Dark_Target_v2.pdf"},{"inherited":true,"rel":"http://esipfed.org/ns/fedsearch/1.1/documentation#","hreflang":"en-US","href":"https://modis-atmos.gsfc.nasa.gov/sites/default/files/ModAtmo/ATBD_MOD04_C005_rev2_0.pdf"},{"inherited":true,"length":"0.0KB","rel":"http://esipfed.org/ns/fedsearch/1.1/data#","hreflang":"en-US","href":"https://ladsweb.modaps.eosdis.nasa.gov/search/order/2/MYD04_3K--61"},{"inherited":true,"length":"0.0KB","rel":"http://esipfed.org/ns/fedsearch/1.1/data#","hreflang":"en-US","href":"https://ladsweb.modaps.eosdis.nasa.gov/archive/allData/61/MYD04_3K/"},{"inherited":true,"rel":"http://esipfed.org/ns/fedsearch/1.1/metadata#","type":"text/html","hreflang":"en-US","href":"https://ladsweb.modaps.eosdis.nasa.gov/opendap/allData/61/MYD04_3K/contents.html"}]},{"producer_granule_id":"MYD04_3K.A2020011.1740.061.2020012150910.hdf","time_start":"2020-01-11T17:40:00.000Z","updated":"2020-01-12T15:11:02.971Z","dataset_id":"MODIS/Aqua Aerosol 5-Min L2 Swath 3km","data_center":"LAADS","title":"LAADS:5145080807","coordinate_system":"GEODETIC","day_night_flag":"DAY","time_end":"2020-01-11T17:45:00.000Z","id":"G1681746868-LAADS","original_format":"ECHO10","granule_size":"9.23167419433594","browse_flag":false,"polygons":[["48.285744 -55.778591 43.685922 -85.624224 26.619925 -77.190615 30.009641 -53.451833 48.285744 -55.778591"]],"collection_concept_id":"C1443528505-LAADS","online_access_flag":true,"links":[{"rel":"http://esipfed.org/ns/fedsearch/1.1/data#","type":"application/x-hdfeos","hreflang":"en-US","href":"https://ladsweb.modaps.eosdis.nasa.gov/archive/allData/61/MYD04_3K/2020/011/MYD04_3K.A2020011.1740.061.2020012150910.hdf"},{"inherited":true,"rel":"http://esipfed.org/ns/fedsearch/1.1/metadata#","hreflang":"en-US","href":"https://doi.org/10.5067/MODIS/MYD04_3K.061"},{"inherited":true,"rel":"http://esipfed.org/ns/fedsearch/1.1/documentation#","hreflang":"en-US","href":"https://modis-atmos.gsfc.nasa.gov/sites/default/files/ModAtmo/modis_deep_blue_c61_changes2.pdf"},{"inherited":true,"rel":"http://esipfed.org/ns/fedsearch/1.1/documentation#","hreflang":"en-US","href":"https://modis-atmos.gsfc.nasa.gov/sites/default/files/ModAtmo/C061_Aerosol_Dark_Target_v2.pdf"},{"inherited":true,"rel":"http://esipfed.org/ns/fedsearch/1.1/documentation#","hreflang":"en-US","href":"https://modis-atmos.gsfc.nasa.gov/sites/default/files/ModAtmo/ATBD_MOD04_C005_rev2_0.pdf"},{"inherited":true,"length":"0.0KB","rel":"http://esipfed.org/ns/fedsearch/1.1/data#","hreflang":"en-US","href":"https://ladsweb.modaps.eosdis.nasa.gov/search/order/2/MYD04_3K--61"},{"inherited":true,"length":"0.0KB","rel":"http://esipfed.org/ns/fedsearch/1.1/data#","hreflang":"en-US","href":"https://ladsweb.modaps.eosdis.nasa.gov/archive/allData/61/MYD04_3K/"},{"inherited":true,"rel":"http://esipfed.org/ns/fedsearch/1.1/metadata#","type":"text/html","hreflang":"en-US","href":"https://ladsweb.modaps.eosdis.nasa.gov/opendap/allData/61/MYD04_3K/contents.html"}]},{"producer_granule_id":"MYD04_3K.A2020012.1825.061.2020013152621.hdf","time_start":"2020-01-12T18:25:00.000Z","updated":"2020-01-13T15:29:39.255Z","dataset_id":"MODIS/Aqua Aerosol 5-Min L2 Swath 3km","data_center":"LAADS","title":"LAADS:5145389018","coordinate_system":"GEODETIC","day_night_flag":"DAY","time_end":"2020-01-12T18:30:00.000Z","id":"G1681872820-LAADS","original_format":"ECHO10","granule_size":"4.94542407989502","browse_flag":false,"polygons":[["54.486178 -67.005307 49.293875 -100.596633 32.577768 -90.378852 36.186775 -65.004552 54.486178 -67.005307"]],"collection_concept_id":"C1443528505-LAADS","online_access_flag":true,"links":[{"rel":"http://esipfed.org/ns/fedsearch/1.1/data#","type":"application/x-hdfeos","hreflang":"en-US","href":"https://ladsweb.modaps.eosdis.nasa.gov/archive/allData/61/MYD04_3K/2020/012/MYD04_3K.A2020012.1825.061.2020013152621.hdf"},{"inherited":true,"rel":"http://esipfed.org/ns/fedsearch/1.1/metadata#","hreflang":"en-US","href":"https://doi.org/10.5067/MODIS/MYD04_3K.061"},{"inherited":true,"rel":"http://esipfed.org/ns/fedsearch/1.1/documentation#","hreflang":"en-US","href":"https://modis-atmos.gsfc.nasa.gov/sites/default/files/ModAtmo/modis_deep_blue_c61_changes2.pdf"},{"inherited":true,"rel":"http://esipfed.org/ns/fedsearch/1.1/documentation#","hreflang":"en-US","href":"https://modis-atmos.gsfc.nasa.gov/sites/default/files/ModAtmo/C061_Aerosol_Dark_Target_v2.pdf"},{"inherited":true,"rel":"http://esipfed.org/ns/fedsearch/1.1/documentation#","hreflang":"en-US","href":"https://modis-atmos.gsfc.nasa.gov/sites/default/files/ModAtmo/ATBD_MOD04_C005_rev2_0.pdf"},{"inherited":true,"length":"0.0KB","rel":"http://esipfed.org/ns/fedsearch/1.1/data#","hreflang":"en-US","href":"https://ladsweb.modaps.eosdis.nasa.gov/search/order/2/MYD04_3K--61"},{"inherited":true,"length":"0.0KB","rel":"http://esipfed.org/ns/fedsearch/1.1/data#","hreflang":"en-US","href":"https://ladsweb.modaps.eosdis.nasa.gov/archive/allData/61/MYD04_3K/"},{"inherited":true,"rel":"http://esipfed.org/ns/fedsearch/1.1/metadata#","type":"text/html","hreflang":"en-US","href":"https://ladsweb.modaps.eosdis.nasa.gov/opendap/allData/61/MYD04_3K/contents.html"}]}]}}
}
