{
  "headers": {
  },
  "body": {"id":"0684513294","jsondata":{"source":"?p=!C1443528505-LAADS&sb=-77.15071678161621%2C38.78817179999825%2C-76.89801406860352%2C38.99784152603538&m=38.379638671875!-77.1767578125!7!1!0!0%2C2&qt=2020-01-06T04%3A15%3A27.310Z%2C2020-01-13T07%3A32%3A50.962Z&ff=Map%20Imagery&tl=1563377338!4!!","portal_id":"","shapefile_id":""},"created_at":"2020-01-16T19:43:47.237Z","collections":{"byId":{"91":{"id":91,"access_method":{"type":"download","isValid":true},"collection_id":"C1443528505-LAADS","collection_metadata":{"id":"C1443528505-LAADS","tags":{"edsc_extra_gibs":{"data":[{"geo":true,"group":"overlays","match":{"time_start":">=2002-07-03T00:00:00Z"},"title":"Aerosol Optical Depth 3km (3km, Land and Ocean)","arctic":false,"format":"png","source":"Aqua / MODIS","product":"MODIS_Aqua_Aerosol_Optical_Depth_3km","antarctic":false,"resolution":"2km","geo_resolution":"2km","max_native_zoom":5,"arctic_resolution":null,"antarctic_resolution":null}]},"edsc.extra.serverless.gibs":{"data":[{"group":"overlays","match":{"time_start":">=2002-07-03T00:00:00Z"},"title":"Aerosol Optical Depth 3km (3km, Land and Ocean)","arctic":false,"format":"png","source":"Aqua / MODIS","product":"MODIS_Aqua_Aerosol_Optical_Depth_3km","antarctic":false,"geographic":true,"arctic_resolution":null,"antarctic_resolution":null,"geographic_resolution":"2km"}]},"edsc.extra.serverless.collection_capabilities":{"data":{"cloud_cover":true,"day_night_flag":true,"granule_online_access_flag":true,"orbit_calculated_spatial_domains":false}},"edsc.extra.serverless.subset_service.echo_orders":{"data":{"id":"S1571420629-LAADS","url":"http://modx.nascom.nasa.gov:8011","type":"ECHO ORDERS","updated_at":"2020-01-16T16:00:46.124Z","option_definitions":[{"id":"E1F140CA-CC29-B7AD-5AA0-D7E26463BCF1","name":"FtpPushPull"}]}}},"boxes":["-90 -180 90 180"],"links":[{"rel":"http://esipfed.org/ns/fedsearch/1.1/metadata#","href":"https://doi.org/10.5067/MODIS/MYD04_3K.061","hreflang":"en-US"},{"rel":"http://esipfed.org/ns/fedsearch/1.1/documentation#","href":"https://modis-atmos.gsfc.nasa.gov/sites/default/files/ModAtmo/modis_deep_blue_c61_changes2.pdf","hreflang":"en-US"},{"rel":"http://esipfed.org/ns/fedsearch/1.1/documentation#","href":"https://modis-atmos.gsfc.nasa.gov/sites/default/files/ModAtmo/C061_Aerosol_Dark_Target_v2.pdf","hreflang":"en-US"},{"rel":"http://esipfed.org/ns/fedsearch/1.1/documentation#","href":"https://modis-atmos.gsfc.nasa.gov/sites/default/files/ModAtmo/ATBD_MOD04_C005_rev2_0.pdf","hreflang":"en-US"},{"rel":"http://esipfed.org/ns/fedsearch/1.1/data#","href":"https://ladsweb.modaps.eosdis.nasa.gov/search/order/2/MYD04_3K--61","length":"0.0KB","hreflang":"en-US"},{"rel":"http://esipfed.org/ns/fedsearch/1.1/data#","href":"https://ladsweb.modaps.eosdis.nasa.gov/archive/allData/61/MYD04_3K/","length":"0.0KB","hreflang":"en-US"},{"rel":"http://esipfed.org/ns/fedsearch/1.1/metadata#","href":"https://ladsweb.modaps.eosdis.nasa.gov/opendap/allData/61/MYD04_3K/contents.html","type":"text/html","hreflang":"en-US"}],"title":"MODIS/Aqua Aerosol 5-Min L2 Swath 3km","is_nrt":false,"dif_ids":["MYD04_3K_6.1"],"is_cwic":false,"summary":"The new Collection 6.1 (C61) MODIS/Aqua Aerosol 5 Min L2 Swath 3km (MYD04_3K) product is an improved version based on algorithm changes in Dark Target (DT) Aerosol retrieval over urban areas and uncertainty estimates for Deep Blue (DB) Aerosol retrievals.\n\nThe MODIS level-2 atmospheric aerosol product provides retrieved ambient aerosol optical properties, quality assurance, and other parameters, globally over ocean and land. In Collection 5, and earlier collections, there was only one aerosol product (MYD04_L2) at 10km (at nadir) spatial resolution. Starting from C6, the Dark Target (DT) Aerosol algorithm team provided a new 3 km spatial resolution product (MYD04_3k) intended for the air quality community.\n\nThe MYD04_3K product is based on the same algorithm and Look up Tables as the standard Dark Target aerosol product. Because of finer resolution, subtle differences are made in selecting pixels for retrieval and in determining QA. The only differences between the existing 10km algorithm and the new 3km algorithm are: 1) the size of the pixel-arrays defining each retrieval box ( 6x6 retrieval boxes of 36 pixels at 0.5km resolution for 3km algorithm as oppose to 20x20 retrieval boxes of 400 pixels at 0.5km resolution for 10km product); 2) the minimum percentage of \"good\" pixels required for a retrieval (a minimum of 5 pixels over ocean and 6 pixels over land instead of a minimum of 10 pixels over ocean or 12 pixels over land for 10km product retrieval); 3) the 10km algorithm attempts a \"poor quality\" retrieval while 3km algorithm does not. Everything else is the same between two products.\n\nFor more information on C6.1 changes and updates, visit the MODIS Atmosphere website at:\nhttps://modis-atmosphere.gsfc.nasa.gov/documentation/collection-61","thumbnail":"/assets/static/src/assets/images/image-unavailable.72f002da38e3ae039c3424362a7cffeb.svg","dataset_id":"MODIS/Aqua Aerosol 5-Min L2 Swath 3km","short_name":"MYD04_3K","time_start":"2002-07-04T00:45:00.000Z","version_id":"6.1","browse_flag":false,"data_center":"LAADS","has_formats":false,"associations":{"services":["S1571420629-LAADS"]},"has_granules":true,"granule_count":8,"has_variables":true,"organizations":["NASA/GSFC/SED/ESD/HBSL/BISB/LAADS","NASA/GSFC/SED/ESD/HBSL/BISB/MODAPS"],"has_transforms":true,"has_map_imagery":true,"original_format":"DIF10","orbit_parameters":{},"coordinate_system":"CARTESIAN","online_access_flag":true,"processing_level_id":"2","collection_data_type":"SCIENCE_QUALITY","has_spatial_subsetting":true,"has_temporal_subsetting":false},"granule_count":8,"granule_params":{"options":{},"page_num":1,"temporal":"2020-01-06T04:15:27.310Z,2020-01-13T07:32:50.962Z","page_size":20,"cloud_cover":"","bounding_box":"-77.15071678161621,38.78817179999825,-76.89801406860352,38.99784152603538","echo_collection_id":"C1443528505-LAADS","two_d_coordinate_system":{}},"retrieval_id":"0684513294","urs_id":"macrouch"}},"download":[91]},"links":[{"dataset_id":"MODIS/Aqua Aerosol 5-Min L2 Swath 3km","links":[{"rel":"http://esipfed.org/ns/fedsearch/1.1/metadata#","href":"https://doi.org/10.5067/MODIS/MYD04_3K.061","hreflang":"en-US"},{"rel":"http://esipfed.org/ns/fedsearch/1.1/metadata#","href":"https://ladsweb.modaps.eosdis.nasa.gov/opendap/allData/61/MYD04_3K/contents.html","type":"text/html","hreflang":"en-US"}]}]}
}
